<?xml version="1.0" encoding="UTF-8"?>
<beans:beans xmlns="http://www.springframework.org/schema/security"
	xmlns:beans="http://www.springframework.org/schema/beans"
	xmlns:xsi="http://www.w3.org/2001/XMLSchema-instance"
	xsi:schemaLocation="http://www.springframework.org/schema/beans
	http://www.springframework.org/schema/beans/spring-beans.xsd
	http://www.springframework.org/schema/security
	http://www.springframework.org/schema/security/spring-security.xsd">

	<http auto-config="true" use-expressions="true" >
		<intercept-url pattern="/" access="permitALL" />
		<intercept-url pattern="/login" access="permitALL" />
		<intercept-url pattern="/account" access="permitALL" />
		<intercept-url pattern="/cust-product-list-men" access="ROLE_USER" />
		<intercept-url pattern="/cust-product-list-women" access="ROLE_USER" />
		<intercept-url pattern="/cust-product-list-shoes" access="ROLE_USER" />
		<intercept-url pattern="/cust-cart" access="ROLE_USER" />
		<intercept-url pattern="/cust-checkout" access="ROLE_USER" />
		<intercept-url pattern="/contact" access="ROLE_USER" />
		<intercept-url pattern="/cust-thankyou" access="ROLE_USER" />
		<intercept-url pattern="/admin-homepage" access="ROLE_ADMIN" />
		<intercept-url pattern="/admin-page-product" access="ROLE_ADMIN" />
		<intercept-url pattern="/admin-page-product-addtemplate" access="ROLE_ADMIN" />
		
		<form-login login-page="/login"
			default-target-url="/"
			login-processing-url="/j_spring_security_check"
			authentication-failure-url="/acessdenied"
			username-parameter="uname" password-parameter="upass" />
	</http>	

	<authentication-manager>
	  <authentication-provider>
	  <jdbc-user-service data-source-ref="dataSource"
	  	users-by-username-query="select uname,upass,enabled from InUsers where uname=?"
	  	authorities-by-username-query="select uname,role from InUsers where uname=?" />
	 </authentication-provider>
	</authentication-manager>

</beans:beans>