<?xml version="1.0" encoding="UTF-8"?>
<beans:beans xmlns="http://www.springframework.org/schema/security"
	xmlns:beans="http://www.springframework.org/schema/beans"
	xmlns:xsi="http://www.w3.org/2001/XMLSchema-instance"
	xsi:schemaLocation="http://www.springframework.org/schema/beans
	http://www.springframework.org/schema/beans/spring-beans.xsd
	http://www.springframework.org/schema/security
	http://www.springframework.org/schema/security/spring-security.xsd">

	<http auto-config="true" use-expressions="true" >
		<intercept-url pattern="/" access="permitAll" />
		<intercept-url pattern="/login" access="permitAll" />
		<intercept-url pattern="/account" access="permitAll" />
		<intercept-url pattern="/cust-product-list-men" access="hasRole('ROLE_USER')"/>
		<intercept-url pattern="/cust-product-list-women" access="hasRole('ROLE_USER')"/>
		<intercept-url pattern="/cust-product-list-shoes" access="hasRole('ROLE_USER')"/>
		<intercept-url pattern="/cust-cart" access="hasRole('ROLE_USER')" />
		<intercept-url pattern="/cust-checkout" access="hasRole('ROLE_USER')" />
		<intercept-url pattern="/contact" access="hasRole('ROLE_USER')" />
		<intercept-url pattern="/cust-thankyou" access="hasRole('ROLE_USER')" />
		<intercept-url pattern="/admin-homepage" access="hasRole('ROLE_ADMIN')" />
		<intercept-url pattern="/admin-page-product" access="hasRole('ROLE_ADMIN')" />
		<intercept-url pattern="/admin-page-product-addtemplate" access="hasRole('ROLE_ADMIN')" />
		<csrf disabled="true"/>
		<form-login login-page="/login"
			default-target-url="/cust-home"
			login-processing-url="/j_spring_security_check"
			authentication-failure-url="/login"
			username-parameter="uaddr" password-parameter="upass" />
	</http>	

	<authentication-manager>
	  <authentication-provider>
	  <jdbc-user-service data-source-ref="dataSource"
	  	users-by-username-query="select uaddr,upass,enabled from InUsers where uaddr=?"
	  	authorities-by-username-query="select uaddr,role from InUsers where uaddr=?" />
	 </authentication-provider>
	</authentication-manager>

</beans:beans>